日期,未编入索引,已编入索引,展示
2025-08-08,,,0
2025-08-09,,,0
2025-08-10,,,1
2025-08-11,,,1
2025-08-12,52,109,1
2025-08-13,54,109,3
2025-08-14,54,109,0
2025-08-15,54,109,0
2025-08-16,54,109,3
2025-08-17,55,108,0
2025-08-18,55,108,0
2025-08-19,55,108,1
2025-08-20,61,102,3
2025-08-21,61,102,1
2025-08-22,61,102,2
2025-08-23,61,102,0
2025-08-24,64,101,0
2025-08-25,64,101,0
2025-08-26,64,101,2
2025-08-27,58,107,6
2025-08-28,58,107,6
2025-08-29,58,107,4
2025-08-30,58,107,1
2025-08-31,58,107,7
2025-09-01,58,107,2
2025-09-02,58,107,1
2025-09-03,117,109,4
2025-09-04,117,109,2
2025-09-05,117,109,3
2025-09-06,117,109,3